{"BBC": {"DT": 73.71688029107042, "KNN": 91.35284201068708, "RF": 84.19222244245101, "NB": 60.13854660347552, "SVM": 95.17064980530847, "LR": 88.5485945619356}, "Ruters": {"DT": 73.055656965617, "KNN": 75.18113504507656, "RF": 81.55540236227507, "NB": 26.188032438585683, "SVM": 88.17687176965727, "LR": 87.51789908944478}, "20_Newsgroup": {"DT": 67.9113600672409, "KNN": 76.19229834012727, "RF": 86.68230563320695, "NB": 89.87057021051787, "SVM": 91.3101483954161, "LR": 91.76202494956416}, "BBC_org": {"DT": 82.41572387899497, "KNN": 93.70551957025397, "RF": 96.29747676977868, "NB": 97.608645355606, "SVM": 97.40417030168904, "LR": 97.33726167068664}}