{"BBC": {"DT": 75.4329457364341, "KNN": 84.19219207690573, "RF": 84.47168646004974, "NB": 53.43108837737994, "SVM": 92.33200205268511, "LR": 88.79236403303725}, "Ruters": {"DT": 71.83333476259838, "KNN": 76.64603999000957, "RF": 79.6923979179747, "NB": 28.909671646695884, "SVM": 85.8043941988981, "LR": 85.19529629011454}, "20_Newsgroup": {"DT": 66.64582557116026, "KNN": 76.50750926616963, "RF": 86.42862420577332, "NB": 87.51440364341721, "SVM": 90.9591590078468, "LR": 91.23698568226585}, "BBC_org": {"DT": 83.4994095540091, "KNN": 94.34558377825442, "RF": 96.83166599546007, "NB": 97.07505423357867, "SVM": 97.67706891083901, "LR": 97.95817084850839}}