{"BBC": {"DT": 77.46647100199593, "KNN": 90.92870055458529, "RF": 92.53902529501667, "NB": 50.038941550391925, "SVM": 95.17024485735375, "LR": 91.85588558396626}, "Ruters": {"DT": 68.47714168532434, "KNN": 76.00438161227497, "RF": 78.20153023698003, "NB": 26.033752253360827, "SVM": 85.16827124226668, "LR": 85.44585576160848}, "20_Newsgroup": {"DT": 63.45305363740257, "KNN": 75.23686021408078, "RF": 83.50928895089889, "NB": 85.3913076374605, "SVM": 90.11506462170354, "LR": 90.34225044205775}, "BBC_org": {"DT": 83.61704935349259, "KNN": 94.17261743203909, "RF": 97.96679246234477, "NB": 96.95465543469943, "SVM": 98.73094179168005, "LR": 98.474077885586}}